mutnat,operator,info,status
1,AOR,ijson:33, incompetent
2,AOR,ijson:33, killed by test_api
3,AOR,ijson:33, killed by test_api
4,AOR,ijson:37, incompetent
5,AOR,ijson:50, killed by test_api
6,AOR,ijson:54, killed by test_boundary_whitespace
7,AOR,ijson:57, +survived
8,AOR,ijson:57, killed by test_strings
9,AOR,ijson:58, timeout
10,AOR,ijson:66, +survived
11,AOR,ijson:66, killed by test_api
12,AOR,ijson:67, killed by test_api
13,AOR,ijson:76, +survived
14,ASR,ijson:56, killed by test_strings
15,ASR,ijson:65, incompetent
16,ASR,ijson:73, incompetent
17,ASR,ijson:82, +survived
18,BCR,ijson:60, timeout
19,BCR,ijson:72, timeout
20,BCR,ijson:81, timeout
21,BCR,ijson:122, killed by test_api
22,BCR,ijson:145, killed by test_api
23,CDI,ijson:36, incompetent
24,COD,ijson:29, killed by test_basic_parse
25,COD,ijson:63, killed by test_boundary_lexeme
26,COD,ijson:71, killed by test_boundary_lexeme
27,COD,ijson:80, timeout
28,COI,ijson:29, killed by test_basic_parse
29,COI,ijson:29, killed by test_basic_parse
30,COI,ijson:29, killed by test_numbers
31,COI,ijson:29, killed by test_numbers
32,COI,ijson:39, incompetent
33,COI,ijson:44, killed by test_api
34,COI,ijson:46, killed by test_api
35,COI,ijson:48, killed by test_api
36,COI,ijson:51, killed by test_api
37,COI,ijson:55, killed by test_api
38,COI,ijson:57, killed by test_api
39,COI,ijson:63, killed by test_boundary_lexeme
40,COI,ijson:69, +survived
41,COI,ijson:71, killed by test_boundary_lexeme
42,COI,ijson:80, timeout
43,COI,ijson:87, incompetent
44,COI,ijson:89, killed by test_api
45,COI,ijson:91, killed by test_api
46,COI,ijson:93, killed by test_api
47,COI,ijson:95, killed by test_api
48,COI,ijson:98, killed by test_api
49,COI,ijson:101, killed by test_api
50,COI,ijson:116, killed by test_api
51,COI,ijson:117, killed by test_api
52,COI,ijson:121, killed by test_api
53,COI,ijson:123, killed by test_api
54,COI,ijson:133, killed by test_api
55,COI,ijson:134, killed by test_api
56,COI,ijson:135, killed by test_api
57,COI,ijson:139, killed by test_api
58,COI,ijson:144, killed by test_api
59,COI,ijson:146, killed by test_api
60,CRP,ijson:14, -survived
61,CRP,ijson:14, -survived
62,CRP,ijson:18, -survived
63,CRP,ijson:18, -survived
64,CRP,ijson:29, killed by test_basic_parse
65,CRP,ijson:29, killed by test_numbers
66,CRP,ijson:29, +survived
67,CRP,ijson:29, killed by test_numbers
68,CRP,ijson:29, killed by test_numbers
69,CRP,ijson:29, killed by test_numbers
70,CRP,ijson:33, +survived
71,CRP,ijson:33, +survived
72,CRP,ijson:34, killed by test_api
73,CRP,ijson:34, killed by test_api
74,CRP,ijson:37, incompetent
75,CRP,ijson:37, incompetent
76,CRP,ijson:39, killed by test_incomplete
77,CRP,ijson:40, killed by test_api
78,CRP,ijson:40, killed by test_api
79,CRP,ijson:42, killed by test_incomplete
80,CRP,ijson:43, +survived
81,CRP,ijson:48, killed by test_api
82,CRP,ijson:48, killed by test_api
83,CRP,ijson:50, killed by test_strings
84,CRP,ijson:53, killed by test_api
85,CRP,ijson:53, killed by test_api
86,CRP,ijson:54, killed by test_api
87,CRP,ijson:55, killed by test_strings
88,CRP,ijson:55, killed by test_strings
89,CRP,ijson:56, killed by test_strings
90,CRP,ijson:57, killed by test_strings
91,CRP,ijson:57, killed by test_api
92,CRP,ijson:58, killed by test_strings
93,CRP,ijson:64, +survived
94,CRP,ijson:64, +survived
95,CRP,ijson:66, +survived
96,CRP,ijson:67, killed by test_api
97,CRP,ijson:84, killed by test_boundary_whitespace
98,CRP,ijson:85, +survived
99,CRP,ijson:89, killed by test_api
100,CRP,ijson:89, killed by test_api
101,CRP,ijson:90, killed by test_basic_parse
102,CRP,ijson:90, killed by test_basic_parse
103,CRP,ijson:91, killed by test_api
104,CRP,ijson:91, killed by test_api
105,CRP,ijson:92, killed by test_basic_parse
106,CRP,ijson:92, killed by test_basic_parse
107,CRP,ijson:93, killed by test_api
108,CRP,ijson:93, killed by test_api
109,CRP,ijson:94, killed by test_basic_parse
110,CRP,ijson:94, killed by test_basic_parse
111,CRP,ijson:95, killed by test_api
112,CRP,ijson:95, killed by test_api
113,CRP,ijson:98, killed by test_api
114,CRP,ijson:98, killed by test_api
115,CRP,ijson:101, killed by test_api
116,CRP,ijson:101, killed by test_api
117,CRP,ijson:101, killed by test_api
118,CRP,ijson:102, killed by test_basic_parse
119,CRP,ijson:102, killed by test_basic_parse
120,CRP,ijson:105, killed by test_basic_parse
121,CRP,ijson:105, killed by test_basic_parse
122,CRP,ijson:109, +survived
123,CRP,ijson:109, +survived
124,CRP,ijson:111, killed by test_basic_parse
125,CRP,ijson:111, killed by test_basic_parse
126,CRP,ijson:113, killed by test_basic_parse
127,CRP,ijson:113, killed by test_basic_parse
128,CRP,ijson:116, +survived
129,CRP,ijson:116, +survived
130,CRP,ijson:121, killed by test_api
131,CRP,ijson:121, killed by test_api
132,CRP,ijson:123, killed by test_api
133,CRP,ijson:123, killed by test_api
134,CRP,ijson:126, killed by test_basic_parse
135,CRP,ijson:126, killed by test_basic_parse
136,CRP,ijson:128, +survived
137,CRP,ijson:128, +survived
138,CRP,ijson:130, killed by test_basic_parse
139,CRP,ijson:130, killed by test_basic_parse
140,CRP,ijson:133, killed by test_api
141,CRP,ijson:133, killed by test_api
142,CRP,ijson:135, killed by test_api
143,CRP,ijson:135, killed by test_api
144,CRP,ijson:135, killed by test_api
145,CRP,ijson:137, killed by test_basic_parse
146,CRP,ijson:137, killed by test_basic_parse
147,CRP,ijson:139, killed by test_api
148,CRP,ijson:139, killed by test_api
149,CRP,ijson:144, killed by test_api
150,CRP,ijson:144, killed by test_api
151,CRP,ijson:146, killed by test_api
152,CRP,ijson:146, killed by test_api
153,CRP,ijson:149, killed by test_basic_parse
154,CRP,ijson:149, killed by test_basic_parse
155,CRP,ijson:151, +survived
156,CRP,ijson:151, +survived
157,CRP,ijson:161, -survived
158,CRP,ijson:161, +survived
159,EHD,ijson:61, killed by test_boundary_lexeme
160,EHD,ijson:158, killed by test_api
161,EXS,ijson:61, timeout
162,EXS,ijson:106, killed by test_invalid
163,EXS,ijson:108, killed by test_incomplete
164,EXS,ijson:127, killed by test_incomplete
165,EXS,ijson:150, killed by test_incomplete
166,IOD,ijson:36, +survived
167,LCR,ijson:29, killed by test_basic_parse
168,OIL,ijson:44, killed by test_api
169,OIL,ijson:51, killed by test_boundary_lexeme
170,OIL,ijson:55, killed by test_strings
171,OIL,ijson:69, +survived
172,OIL,ijson:96, killed by test_api
173,OIL,ijson:99, killed by test_api
174,OIL,ijson:117, killed by test_api
175,OIL,ijson:118, killed by test_api
176,OIL,ijson:134, killed by test_api
177,OIL,ijson:141, killed by test_api
178,OIL,ijson:154, killed by test_api
179,RIL,ijson:96, incompetent
180,RIL,ijson:99, incompetent
181,RIL,ijson:118, incompetent
182,RIL,ijson:141, incompetent
183,RIL,ijson:154, incompetent
184,ROR,ijson:39, incompetent
185,ROR,ijson:48, killed by test_api
186,ROR,ijson:55, killed by test_api
187,ROR,ijson:57, killed by test_api
188,ROR,ijson:69, +survived
189,ROR,ijson:89, killed by test_api
190,ROR,ijson:91, killed by test_api
191,ROR,ijson:93, killed by test_api
192,ROR,ijson:95, killed by test_api
193,ROR,ijson:98, killed by test_api
194,ROR,ijson:101, killed by test_api
195,ROR,ijson:116, killed by test_api
196,ROR,ijson:121, killed by test_api
197,ROR,ijson:123, killed by test_api
198,ROR,ijson:133, killed by test_api
199,ROR,ijson:135, killed by test_api
200,ROR,ijson:139, killed by test_api
201,ROR,ijson:144, killed by test_api
202,ROR,ijson:146, killed by test_api
203,SCD,ijson:36, +survived
204,SDI,ijson:36, incompetent
205,SDL,ijson:14, -survived
206,SDL,ijson:18, -survived
207,SDL,ijson:28, killed by test_api
208,SDL,ijson:30, killed by test_numbers
209,SDL,ijson:31, killed by test_basic_parse
210,SDL,ijson:32, killed by test_api
211,SDL,ijson:33, incompetent
212,SDL,ijson:34, killed by test_api
213,SDL,ijson:37, +survived
214,SDL,ijson:40, incompetent
215,SDL,ijson:41, killed by test_api
216,SDL,ijson:42, killed by test_api
217,SDL,ijson:43, killed by test_api
218,SDL,ijson:45, killed by test_api
219,SDL,ijson:47, killed by test_api
220,SDL,ijson:49, killed by test_api
221,SDL,ijson:50, killed by test_api
222,SDL,ijson:53, killed by test_api
223,SDL,ijson:54, killed by test_api
224,SDL,ijson:58, timeout
225,SDL,ijson:62, killed by test_boundary_lexeme
226,SDL,ijson:66, killed by test_api
227,SDL,ijson:67, killed by test_api
228,SDL,ijson:70, killed by test_boundary_lexeme
229,SDL,ijson:74, killed by test_boundary_lexeme
230,SDL,ijson:75, killed by test_boundary_lexeme
231,SDL,ijson:76, killed by test_api
232,SDL,ijson:77, killed by test_api
233,SDL,ijson:79, killed by test_api
234,SDL,ijson:83, killed by test_boundary_lexeme
235,SDL,ijson:84, killed by test_boundary_lexeme
236,SDL,ijson:88, incompetent
237,SDL,ijson:90, killed by test_basic_parse
238,SDL,ijson:92, killed by test_basic_parse
239,SDL,ijson:94, killed by test_basic_parse
240,SDL,ijson:97, killed by test_basic_parse
241,SDL,ijson:100, killed by test_api
242,SDL,ijson:102, killed by test_basic_parse
243,SDL,ijson:105, killed by test_basic_parse
244,SDL,ijson:111, killed by test_basic_parse
245,SDL,ijson:113, killed by test_basic_parse
246,SDL,ijson:115, killed by test_api
247,SDL,ijson:119, killed by test_basic_parse
248,SDL,ijson:120, killed by test_api
249,SDL,ijson:125, killed by test_api
250,SDL,ijson:126, killed by test_basic_parse
251,SDL,ijson:130, killed by test_basic_parse
252,SDL,ijson:132, killed by test_api
253,SDL,ijson:137, killed by test_basic_parse
254,SDL,ijson:138, killed by test_api
255,SDL,ijson:142, killed by test_basic_parse
256,SDL,ijson:143, killed by test_api
257,SDL,ijson:148, killed by test_api
258,SDL,ijson:149, killed by test_basic_parse
259,SDL,ijson:153, killed by test_api
260,SDL,ijson:155, incompetent
261,SDL,ijson:157, killed by test_api
262,SIR,ijson:66, killed by test_api
263,SIR,ijson:66, +survived
264,ZIL,ijson:44, incompetent
265,ZIL,ijson:51, killed by test_api
266,ZIL,ijson:55, killed by test_strings
267,ZIL,ijson:69, killed by test_boundary_lexeme
268,ZIL,ijson:96, killed by test_api
269,ZIL,ijson:99, killed by test_api
270,ZIL,ijson:117, killed by test_api
271,ZIL,ijson:118, killed by test_api
272,ZIL,ijson:134, killed by test_api
273,ZIL,ijson:141, killed by test_api
274,ZIL,ijson:154, killed by test_api
